{
  "metrics": {
    "Logistic Regression": {
      "accuracy": 0.8696,
      "precision": 0.8482,
      "recall": 0.9314,
      "f1_score": 0.8879,
      "roc_auc": 0.8971,
      "cross_val_mean": 0.8473,
      "cross_val_std": 0.0382,
      "classification_report": {
        "0": {
          "precision": 0.9027777777777778,
          "recall": 0.7926829268292683,
          "f1-score": 0.8441558441558441,
          "support": 82.0
        },
        "1": {
          "precision": 0.8482142857142857,
          "recall": 0.9313725490196079,
          "f1-score": 0.8878504672897196,
          "support": 102.0
        },
        "accuracy": 0.8695652173913043,
        "macro avg": {
          "precision": 0.8754960317460317,
          "recall": 0.8620277379244381,
          "f1-score": 0.8660031557227819,
          "support": 184.0
        },
        "weighted avg": {
          "precision": 0.8725306245686681,
          "recall": 0.8695652173913043,
          "f1-score": 0.8683778635017968,
          "support": 184.0
        }
      }
    },
    "Decision Tree": {
      "accuracy": 0.788,
      "precision": 0.8119,
      "recall": 0.8039,
      "f1_score": 0.8079,
      "roc_auc": 0.7861,
      "cross_val_mean": 0.7983,
      "cross_val_std": 0.0353,
      "classification_report": {
        "0": {
          "precision": 0.7590361445783133,
          "recall": 0.7682926829268293,
          "f1-score": 0.7636363636363637,
          "support": 82.0
        },
        "1": {
          "precision": 0.8118811881188119,
          "recall": 0.803921568627451,
          "f1-score": 0.8078817733990148,
          "support": 102.0
        },
        "accuracy": 0.7880434782608695,
        "macro avg": {
          "precision": 0.7854586663485625,
          "recall": 0.7861071257771401,
          "f1-score": 0.7857590685176892,
          "support": 184.0
        },
        "weighted avg": {
          "precision": 0.7883306795844593,
          "recall": 0.7880434782608695,
          "f1-score": 0.7881637103526159,
          "support": 184.0
        }
      }
    },
    "Random Forest": {
      "accuracy": 0.875,
      "precision": 0.8762,
      "recall": 0.902,
      "f1_score": 0.8889,
      "roc_auc": 0.9231,
      "cross_val_mean": 0.8487,
      "cross_val_std": 0.0173,
      "classification_report": {
        "0": {
          "precision": 0.8734177215189873,
          "recall": 0.8414634146341463,
          "f1-score": 0.8571428571428571,
          "support": 82.0
        },
        "1": {
          "precision": 0.8761904761904762,
          "recall": 0.9019607843137255,
          "f1-score": 0.8888888888888888,
          "support": 102.0
        },
        "accuracy": 0.875,
        "macro avg": {
          "precision": 0.8748040988547318,
          "recall": 0.8717120994739359,
          "f1-score": 0.873015873015873,
          "support": 184.0
        },
        "weighted avg": {
          "precision": 0.8749547920433997,
          "recall": 0.875,
          "f1-score": 0.8747412008281572,
          "support": 184.0
        }
      }
    },
    "SVM": {
      "accuracy": 0.8859,
      "precision": 0.8649,
      "recall": 0.9412,
      "f1_score": 0.9014,
      "roc_auc": 0.9286,
      "cross_val_mean": 0.8596,
      "cross_val_std": 0.0289,
      "classification_report": {
        "0": {
          "precision": 0.9178082191780822,
          "recall": 0.8170731707317073,
          "f1-score": 0.864516129032258,
          "support": 82.0
        },
        "1": {
          "precision": 0.8648648648648649,
          "recall": 0.9411764705882353,
          "f1-score": 0.9014084507042254,
          "support": 102.0
        },
        "accuracy": 0.8858695652173914,
        "macro avg": {
          "precision": 0.8913365420214736,
          "recall": 0.8791248206599713,
          "f1-score": 0.8829622898682417,
          "support": 184.0
        },
        "weighted avg": {
          "precision": 0.8884591858087987,
          "recall": 0.8858695652173914,
          "f1-score": 0.8849673073504138,
          "support": 184.0
        }
      }
    },
    "KNN": {
      "accuracy": 0.8913,
      "precision": 0.8942,
      "recall": 0.9118,
      "f1_score": 0.9029,
      "roc_auc": 0.9192,
      "cross_val_mean": 0.8447,
      "cross_val_std": 0.0161,
      "classification_report": {
        "0": {
          "precision": 0.8875,
          "recall": 0.8658536585365854,
          "f1-score": 0.8765432098765432,
          "support": 82.0
        },
        "1": {
          "precision": 0.8942307692307693,
          "recall": 0.9117647058823529,
          "f1-score": 0.9029126213592233,
          "support": 102.0
        },
        "accuracy": 0.8913043478260869,
        "macro avg": {
          "precision": 0.8908653846153847,
          "recall": 0.8888091822094691,
          "f1-score": 0.8897279156178832,
          "support": 184.0
        },
        "weighted avg": {
          "precision": 0.8912311872909698,
          "recall": 0.8913043478260869,
          "f1-score": 0.8911610358071593,
          "support": 184.0
        }
      }
    }
  },
  "confusion_matrices": {
    "Logistic Regression": [
      [
        65,
        17
      ],
      [
        7,
        95
      ]
    ],
    "Decision Tree": [
      [
        63,
        19
      ],
      [
        20,
        82
      ]
    ],
    "Random Forest": [
      [
        69,
        13
      ],
      [
        10,
        92
      ]
    ],
    "SVM": [
      [
        67,
        15
      ],
      [
        6,
        96
      ]
    ],
    "KNN": [
      [
        71,
        11
      ],
      [
        9,
        93
      ]
    ]
  },
  "roc_data": {
    "Logistic Regression": {
      "fpr": [
        0.0,
        0.0,
        0.0,
        0.012195121951219513,
        0.012195121951219513,
        0.024390243902439025,
        0.024390243902439025,
        0.036585365853658534,
        0.036585365853658534,
        0.04878048780487805,
        0.04878048780487805,
        0.06097560975609756,
        0.06097560975609756,
        0.08536585365853659,
        0.08536585365853659,
        0.0975609756097561,
        0.0975609756097561,
        0.10975609756097561,
        0.10975609756097561,
        0.12195121951219512,
        0.12195121951219512,
        0.13414634146341464,
        0.13414634146341464,
        0.14634146341463414,
        0.14634146341463414,
        0.15853658536585366,
        0.15853658536585366,
        0.17073170731707318,
        0.17073170731707318,
        0.18292682926829268,
        0.18292682926829268,
        0.35365853658536583,
        0.35365853658536583,
        0.36585365853658536,
        0.36585365853658536,
        0.4146341463414634,
        0.4146341463414634,
        0.4634146341463415,
        0.4634146341463415,
        0.573170731707317,
        0.573170731707317,
        0.7560975609756098,
        0.7560975609756098,
        0.7926829268292683,
        0.7926829268292683,
        1.0
      ],